firstname,lastname
Deedee,Chaing
Genovera,Lynn
Rani,Dituri
Betta,Helfand
Miquela,Posner
Clementine,Rozanna
Adele,Greenwald
Dianemarie,Brittani
Merle,Kolnick
Quintina,Eno
Jsandye,Anton
Chloris,Thema
Lanae,Sinegold
Tybie,Adlare
Addia,McClimans
Madalyn,Germann
Lanna,Chauncey
Lindie,Berriman
Gwenneth,Mayeda
Tina,Marsden
Vinita,Naashom
Tamqrah,Duwalt
Sibella,Juliet
Belva,Earlie
Ethel,Felecia
Wilma,Jammal
Rosene,Kathie
Ethel,Vale
Karly,Ries
Gabi,Esmaria
Aurelie,Anyah
Sharai,Flyn
Reeba,Suanne
Brana,Penelopa
Violet,Zenas
Sara-Ann,Kaete
Ofilia,Kermit
Chastity,Arquit
Corly,Constancy
Tera,Wyn
Blake,Stanwood
Tabbatha,Alarise
Henriette,Percy
Jessamyn,Elsinore
Hettie,Capello
Karolina,Cohdwell
Jany,Kare
Concettina,Gabrielli
Tiffie,Zamora
Elie,Odysseus
Marsiella,Scammon
Ilse,Nadia
Caritta,Goddard
Tobe,Ries
Joceline,Sophronia
Kittie,Sheng
Deane,Bryna
Vanessa,Sisile
Max,Schwejda
Lynde,Haerr
Elmira,Linskey
Alia,Annabella
Jany,Naor
Kaja,Gino
Ronna,Grosz
Nariko,Robertson
Jsandye,Hollingsworth
Madalyn,Glenden
Marjie,Viddah
Tybie,Blisse
Annecorinne,Maples
Aurelie,Rozanna
Teddie,Schlosser
Talya,Korey
Joy,Stilwell
Glenda,Ranjiv
Emma,Celestine
Ann-Marie,Angelis
Emelina,Teryn
Madalyn,Trinetta
Roxane,Rosalba
Pierette,Peti
Dulce,Brenn
Magdalena,Bevin
Pollyanna,Wandie
Jsandye,Narton
Nerta,Jobi
Winifred,Drus
Sam,Regan
Dari,Hutchison
Isa,Decato
Joelly,Holtz
Grier,Gilmour
Collen,Guildroy
Debee,Elephus
Feliza,Brian
Jobi,Ivens
Dorene,Schlosser
Lynnea,Buffum
Cam,Giule
Lorne,Ochs
Dennie,Tryck
Alyda,Edison
Tera,Hubert
Ardys,Ferrell
Hannis,Nunci
Imojean,Connelly
Morganica,Tristram
Genevra,Greenwald
Tilly,Alarise
Hayley,Rudolph
Danny,Skell
Paule,Dudley
Tilly,Bettine
Charmaine,Fax
Lynnea,Roarke
Meriel,Amadas
Modestia,Barrus
Bill,Jagir
Vinita,Lutero
Josephine,Annabella
Margalo,Dahlia
Britte,Felizio
Sheelagh,Howlyn
Melodie,Donell
Fernande,Anyah
Max,Stilwell
Tami,Berriman
Siana,Dominy
Glenda,Ball
Robinia,Lewes
Annecorinne,Firmin
Damaris,Urania
Cherilyn,Halla
Elvira,Bakerman
Elsie,Pyle
Thalia,Jagir
Livvyy,Jethro
Alex,Tyson
Fred,Anyah
Jobi,Lemuela
Dyann,Pitt
Meriel,Sibyls
Jessy,Stanwood
Janeczka,Dominy
Wanda,Gilmour
Fina,Knowling
Sean,Knowling
Atlanta,O'Rourke
Brietta,Darrell
Gloria,Bollay
Donetta,Giule
Rhoda,Arathorn
Bertine,Rheingold
Jackie,Linehan
Angelique,Hanleigh
Charlena,Rad
Chandra,Thema
Nadine,Autrey
Anica,Ilka
Ida,Breed
Tersina,Lay
Beverley,Leopold
Ethel,Erminia
Tori,Fleeta
Florie,Schenck
Sindee,Noam
Dolli,Kelula
Augustine,Elo
Zia,Joni
Alisha,McLaughlin
Tomasina,Lauraine
Beatriz,Raychel
Dorene,Shama
Gisela,Afton
Zsa Zsa,Hoenack
Frieda,Liva
Ofilia,Henebry
Kial,Connelly
Vere,Annice
Beatriz,Lilas
Gaylene,Krystle
Leontine,Loleta
Cristabel,Sadowski
Valera,Gemini
Siana,Dyche
Vanessa,Kussell
Farrah,Engdahl
Lenna,Greyson
Arlena,Wilkinson
Ulrike,Bow
Stevana,Carey
Lilith,Caitlin
Malina,Burkle
Marylou,Sidonius
Cassondra,Dorothy
Regina,Wenda
Delilah,Connelly
Marguerite,Afton
Britni,Winthorpe
Roberta,Yate
Hallie,Carey
Dorthy,Georgy
Lucille,Chem
Hyacinthe,Idelia
Max,Chem
Max,Fennessy
Dione,Maiah
Angela,Constancy
Vanessa,Ferino
Vivia,Maiah
Elie,Sharl
Linzy,Uird
Miquela,Henebry
Dari,Alarise
Marinna,Latini
Alisha,Hashim
Cristine,Linskey
Karina,Ferrell
Ulrike,Janene
Rhea,Masao
Ilse,Lucienne
Marika,Etom
Gaylene,Tacye
Dacia,Erskine
Ilse,Hillel
Gavrielle,Cullin
Rochette,Arquit
Lizzie,Talia
Alyssa,Rheingold
Alisha,Daniele
Kristina,Bebe
Elise,Crudden
Ida,Deny
Lucy,Naor
Jenilee,Dielu
Wanda,Durware
Kayla,Destinee
Alexine,Yerkovich
Carlie,Sancho
Lindie,An
Allyce,Felizio
Kathi,Thornburg
Kore,Dannye
Carmela,Thar
Phedra,Aldric
Melanie,Papageno
Concettina,Annice
Leia,Poll
Elbertina,Amethist
Daryl,Sikorski
Pearline,Peti
Genevra,Bonucci
Sarette,Korey
Henriette,Behre
Tarra,Faust
Charissa,Candy
Arabel,Skell
Carmela,Ariella
Joleen,Lucienne
Nelle,Breed
Arlina,Janith
Ayn,Baudin
Charmaine,Hertzfeld
Frieda,Fairweather
Annabela,Dichy
Pamella,Tatianas
Marline,Japeth
Courtnay,Moseley
Melanie,Peg
Kaia,Guildroy
Caressa,Kirstin
Nerta,Dominy
Sissy,Ursulette
Renie,Terrence
Helena,Seagraves
Gertrud,Burkle
Sibella,Fosque
Dolli,Nance
Drucie,Vernier
Drucie,Poppy
Dianemarie,Phaidra
Jsandye,Curren
Rubie,Trey
Rochette,Raul
June,Blisse
Melisent,Anselmi
Beatriz,Orelee
Patricia,Hieronymus
Hannis,Chabot
Layla,Ader
Julieta,Burkle
Ada,Eno
Minda,Yuille
Stevana,Argus
Bobinette,Sabella
Fanny,Land
Nickie,Friede
Henriette,Blase
Tabbatha,Chabot
Katuscha,Stuart
Olivette,Ingra
Madalyn,Raseda
Olivette,Germann
Bill,Albertine
Dyann,Pattin
Dorice,Orelee
Jolyn,Baptlsta
Trixi,Bakerman
Mamie,Shanley
Nessie,Markman
Fanny,Pyle
Rosene,Devlen
Eadie,Aloise
Tobe,Caitlin
Glynnis,Brotherson
Kirstin,Lia
Clo,Dawkins
Modestia,Mayeda
Cissiee,Ahab
Deloria,Bari
Madelle,Tristram
Susan,Armanda
Brandise,Kristi
Agathe,Weaks
Bill,Jerald
Katharina,Cherianne
Tabbatha,Minetta
Maud,Goerke
Rhea,Rurik
Coral,Oneida
Aryn,Phyllis
Pearline,Lacombe
Gerianna,Winthorpe
Felice,Berl
Kelly,Ranjiv
Sam,Couture
Sindee,Warthman
Merle,Loring
Harrietta,Lissi
Lusa,Lane
Amii,Koziara
Jeanna,Lane
Kathy,Simmonds
Claudina,Susannah
Constance,Maiah
Starla,Baptlsta
Alexine,Charity
Robinia,Sothena
Chastity,Gert
Janis,Joeann
Misha,Pandolfi
Margalo,Wattenberg
Marcelline,Ezar
Starla,Solitta
Gusella,Karylin
Patricia,Santoro
Ada,McNully
Flo,Geffner
Clementine,Georgy
Evaleen,Kiyoshi
Dennie,Annabella
Karly,Ulphia
Zsa Zsa,Holtz
Nessie,Naor
Daryl,Edee
Imojean,McGrody
Olivette,Pandolfi
Isa,Bivins
Lynde,Erskine
Tatiania,Pond
Ilse,Slifka
Danny,Tarrant
Janis,Maxi
Dania,Garek
Glynnis,Ruvolo
Vinita,Hanleigh
Phylis,Isacco
Asia,Ardeha
Esmeralda,Argus
Cyb,Nerita
Gilligan,Dosia
Nariko,Danby
Emylee,Louanna
Aurore,Larochelle
Gui,Tacye
Gabi,Trinetta
Charlena,Waite
Gerianna,Tryck
Perry,Reidar
Mady,Hoban
Oona,Adalbert
Binny,Atonsah
Eugine,Jehu
Madeleine,Lail
Aubrie,Saree
Rayna,Drus
Gratia,Richers
Gwyneth,Tomasina
Marguerite,Han
Ketti,Hieronymus
Ashlee,Lutero
Shel,Harned
Frank,Harl
Gilligan,Melan
Sybille,Hieronymus
Ardys,Thar
Demetris,Thornburg
Viki,Harriman
Aeriela,Joseph
Minne,Thunell
Bill,Papageno
Heddie,Himelman
Cecile,Maroney
Perry,Bow
Caritta,Zetta
Pierette,Gladstone
Sophia,Noam
Annice,Alexandr
Blake,Bow
Hettie,Astra
Vita,Melony
Hildegaard,Rozanna
Melina,MacIntosh
Sue,Romelda
Mara,Paine
Belinda,Felecia
Di,Dulciana
Karlee,Waite
Anallese,Radu
Daune,Voletta
Madelle,Faso
Blondelle,Drus
Carree,Wu
Ninnetta,Rosette
Libbie,MacIntosh
Lelah,Clarissa
Debee,Paine
Clary,Pyle
Kirbee,Gower
Dolli,Evvie
Shell,Lowry
Gavrielle,Schonfeld
Ricky,Ludewig
Roslyn,Hilbert
Zaria,Roche
Sadie,Tannie
Letizia,Catie
Elsie,Delila
Magdalena,Vharat
Siana,Trace
Brooks,Estella
Tani,Paton
Lynea,Aldric
Aeriela,Holtz
Paola,Oscar
Livvyy,Gillan
Bobinette,Brenn
Hayley,Velick
Roberta,Aaberg
Doralynne,Bashemeth
Claudina,Kesley
Monika,Freddi
Orsola,Yerkovich
Bill,Si
Edyth,Mauer
Cherilyn,Cohdwell
Almeta,Magdalen
Sharai,Gregrory
Alleen,Nea
Elora,Ulphia
Linzy,Alabaster
Randa,Niles
Laurene,Pond
Elora,Weinreb
Agathe,Nelsen
Tersina,Gillan
Gusella,Japeth
Kristan,Brian
Suzette,Leonard
Mildrid,Tayib
Merry,Telfer
Lorne,Laurianne
Dari,Howlyn
Raina,Nester
Vere,Helfand
Brynna,Si
Antonietta,Giule
Dominga,Lesley
Adele,Peti
Doralynne,Durante
Blake,Hermes
Morganica,Kathie
Audrie,Shaddock
Candy,Lorain
Benita,Amasa
Cassandra,Chapland
Dari,Santoro
Blake,Moseley
Minne,Stephie
Aeriela,Hirsch
Jobi,Fancie
Rochette,Jarib
Tressa,Haerr
Danika,Cosenza
Babita,Wittie
Yolane,Bahr
Rosene,Sacken
Cordi,Nisbet
Jerry,Idelia
Ronna,Adrienne
Karlee,Bahr
Sheree,Pernick
Dianemarie,Ursulette
Sashenka,Gavrila
Babita,Garek
Catharine,Clarissa
Netty,Suanne
June,Selway
Mellicent,Clara
Kial,Bendick
Rani,Orelee
Larine,Estella
Dorene,Dielu
Andeee,Manolo
Joceline,Ovid
Adele,Sacken
Calla,Bennie
Fanny,Armanda
Rozele,Lytton
Trudie,Nunci
Lynea,Rheingold
Arabel,Fabiola
Eadie,Standing
Wynne,Pillsbury
Viki,Sabella
Merle,Christine
Tracey,Kaete
Lila,Ralfston
Raquela,Serilda
Josephine,Magdalen
Cecile,Bakerman
Carol-Jean,Chinua
Gusella,Edvard
Gabi,Revkah
Lanna,Trey
Fanchon,Pozzy
Diena,Pyle
Farrah,Rustice
Dulcinea,Zola
Heida,Holtz
Johna,Alfons
Candi,Daveta
Basia,Chem
Caressa,Gillan
Lacie,Chaing
Alia,Serilda
Nanete,Rillings
Dawn,Wadell
Netty,Cavan
Jean,Old
Shel,Emanuel
Merrie,Hanleigh
Annabela,Damarra
Aeriela,Leffen
Ivett,Maroney
Marleah,Fry
Harrietta,Schalles
Kathi,Rozanna
Roslyn,Fosque
Meghann,Morehouse
Rozele,Christal
Annecorinne,Hashim
Layla,Stover
Madalyn,Tjon
Rosanne,Klemperer
Adelle,Jacinda
Kylynn,Sammons
Cassondra,Erskine
Marita,Felecia
Ericka,Naashom
Alleen,Taima
Flory,Dosia
Maridel,Kare
Anestassia,Warthman
Mariele,Devlen
Roseline,Francyne
Adelle,Pascia
Nariko,Ardra
Danny,Mozelle
Joceline,Belanger
Sidoney,Sisile
Suzette,Germann
Wilma,Erb
Margarette,Yerkovich
Ayn,Muriel
Ana,Baylor
Blondelle,Callista
Mignon,Peg
Demetris,Bethany
Ketti,Stav
Dulce,Saunderson
Edith,Darbie
Florie,Bollay
Lulita,Peonir
Britni,Longfellow
Debee,Garek
Wanda,Gahl
Hayley,Telfer
Basia,Carbo
Micheline,Albertine
Elise,Bach
Wendi,Si
Molli,Gaynor
Kaia,Rosemary
Stephanie,Vivle
Dulcinea,Syd
Belinda,Edvard
Estell,Colp
Tybie,Suk
Etta,McNully
Pierette,Vary
Alameda,Beniamino
Clarice,Dorothy
Janis,Drisko
Joleen,Pond
Flory,Atcliffe
Chere,Fitzsimmons
Rochette,Rillings
Berget,Bluh
Karlee,Tound
Britte,Kermit
Luci,Cath
Ernesta,Stacy
Florencia,Lia
Tierney,Callista
Christian,Leopold
Helsa,Cosenza
Glynnis,Doig
Ardeen,Emanuel
Tarra,Berl
Leia,Fry
Alisha,Frendel
Sandie,Tarrant
Selia,Zeeba
Ursulina,Erlandson
Kary,Magdalen
Marjie,Halla
Chickie,Colyer
Blake,Shields
Genevra,Poll
Marita,Quent
Dorene,Cavan
Sophia,Even
Margarette,Johanna
Allyce,Stevy
Gaylene,Lasley
Robinia,August
Demetris,Yate
Madalyn,Hedve
Lyssa,Bevin
Raquela,Rhu
Rebeca,Vins
Antonietta,Camden
Brana,Meter
Anestassia,Ortrude
Atlanta,Levey
Mallory,Linskey
Tonia,Nance
Andeee,Brian
Patricia,Rosette
Emelina,Revkah
Rivalee,Estella
Caritta,Marsden
Roseline,Denis
Lynde,Mott
Joleen,Masao
Margette,Ahab
Roseline,Leler
Chrystel,Ursulette
Angelique,Phyllis
Tiffie,Giule
Natka,Maryanne
Ingrid,Nedrud
Viviene,Rustice
Pierette,Bahr
Harmonia,Crudden
Tori,Tremayne
Bobbi,Alisia
Pamella,Shama
Ardeen,Newell
Olwen,Jehu
Jemie,Quinn
Jacquetta,Himelman
Rosanne,Germann
Helsa,Dunkin
Lauryn,Daveta
Kellen,Bultman
Lila,Means
Melodie,Nore
Louella,Publia
Tilly,Anyah
Mahalia,Nedrud
Perry,Ferino
Marline,Juan
Darci,Concha
Andeee,Llovera
Iseabal,Casimir
Ermengarde,Swigart
Coral,Tamsky
Angelique,Nicoline
Stephanie,Kolnick
Marika,Zetta
Jillayne,Joni
Johna,Nester
Annice,Magnolia
Sibella,Colp
Alexine,Ardeha
Heddie,Leler
Karolina,Rossner
Lucy,Natalia
Monika,Seligman
Addia,Aaberg
Misha,Wildermuth
Janeczka,Thornburg
Addia,Kristi
Cyndie,Bertold
Stacey,Alarise
Konstance,Oster
Kerrin,Ralfston
Hallie,Amethist
Silvana,Nahum
Feliza,Othilia
Audrie,Kiyoshi
Gretal,Drus
Aryn,Goode
Sheelagh,Hewitt
Charlena,Chapland
Myriam,Moina
Jeanna,Evangelia
Caressa,Fulmer
Leona,Fancie
Almeta,Penelopa
Codie,Ambrosia
Nariko,Martguerita
Willetta,Rozanna
Joeann,Ietta
Lynnea,Vale
Celestyna,Edvard
Charlena,Leler
Therine,Uund
Jorry,Creamer
Hayley,Donoghue
Meriel,Hathaway
Melanie,Annice
Gretal,Tound
Korrie,Thad
Marnia,Meter
Althea,Dawkins
Aurelie,Elo
Linzy,Stelle
Lexine,Ries
Merci,Isacco
Clarice,Cadmar
Vinita,Bach
Tomasina,Arne
Tobe,Arquit
Raf,Malina
Carol-Jean,Leary
Penelopa,Annice
Anestassia,Lubin
Quintina,Loring
Gratia,Kiersten
Marylou,Zachary
Lynea,Wooster
Gabi,Othilia
Hermione,Santoro
Madelle,Erminia
Esmeralda,Rocray
Lorne,Therine
Randa,Nickola
Kimmy,Hailee
Ellette,Baudin
Alia,Graig
Jorry,Sothena
Allis,Terrence
Albertina,Decato
Kelly,Guthrie
Vanessa,Plato
Annaliese,Alcott
Feliza,Monk
Kalina,Fax
Leanna,Laverne
Jessy,Chick
Petronia,Sheng
Melanie,Meli
Kassey,Woodberry
Viviene,Berl
Rayna,Paton
Vonny,Seagraves
Ronna,Sasnett
Joane,McClimans
Chandra,Salchunas
Jaime,Ackerley
Glenda,Orelee
Jeanna,Yuille
Hettie,Larochelle
Ulrike,Silvan
Jenda,Kiyoshi
Neila,Adlare
Eve,Philoo
Addia,Schlosser
Daphne,Emanuel
Lorie,Fry
Gisela,Obed
Eadie,Tybald
Caryl,Santoro
Aubrie,Brieta
Yolane,Ader
Ivett,Halsey
Alameda,Margarete
Giustina,Annice
Evaleen,Klotz
Winny,Pillsbury
Corene,Thad
Elie,Soneson
Karolina,Bultman
Robbi,Stav
Jsandye,Ranjiv
Demetris,Cyrie
Drucie,Oneida
Merci,Pierette
Betta,Maroney
Zondra,Destinee
Dacia,Tristram
Starla,Abernon
Sadie,Mauer
Veda,Zina
Charlena,Laurianne
Margalo,Ashely
Dode,Rolf
Feliza,Ulphia
Yvonne,Doig
Rani,Chrystel
Merry,Irmine
Annora,Sammons
Viviene,Fredi
Margarette,Gaspard
Carlie,Maribeth
Maisey,Lipson
Tressa,Bobbee
Florencia,Carri
Kamilah,Truc
Ericka,Beniamino
Carilyn,Estella
Alie,Gale
Jenda,Drisko
Dianemarie,Elisha
Jemie,Martguerita
Annecorinne,Cleavland
Marline,Jarib
Margalo,Amasa
Gui,Abbot
Lynnea,Fax
Merry,Seumas
Marcelline,Alva
Farrah,Margarete
Rhea,Sigfrid
Sheree,Stephie
Corina,Bronk
Rochette,Othilia
Aigneis,Docilla
Tatiania,Ivens
Coral,Carey
Amelia,Arvo
Robinia,Henrie
Alejandra,Firmin
Eadie,Fadiman
Wanda,Ahab
Iseabal,Hurley
Eugine,Matthew
Malina,Oneida
Frank,Alisia
Addia,Mendez
Rosabelle,Himelman
Ashlee,Chick
Deane,Cath
Ricky,Concha
Nananne,Virgin
Leia,Serilda
Eadie,Alexandr
Alexine,Grimbly
Misha,Sandye
Maye,Vernier
Florencia,Alrich
Mary,Nedrud
Drucie,Gordon
Mathilda,Reidar
Averyl,Aprile
Margette,Atcliffe
Gwyneth,Edvard
Phylis,Karylin
Caressa,Zachary
Marti,Breed
Mady,Phyllis
Inga,Burnside
Alyssa,Fabiola
Gui,Jefferey
Loree,Daegal
Caressa,Fontana
Correy,O'Neill
Lonnie,Engdahl
Talya,Bari
Belinda,Bibi
Emilia,Nickola
Rivalee,Donoghue
Lucille,Primalia
Brandise,Baylor
Gratia,Federica
Keelia,Yusuk
Arlina,Carleen
Alleen,Marsden
Lolita,Vale
Amara,Zamora
Jeanna,Baylor
Bee,Rubie
Ginnie,Dreda
Maurene,Rebecka
Phylis,Arvo
Dennie,Gusella
Iseabal,Buckler
Pearline,Dichy
Cristine,Bow
Carly,Kellby
Celisse,Hourigan
Jorry,Lalitta
Gilligan,Verger
Evaleen,Harl
Albertina,Milson
Carilyn,Alva
Winifred,Oneida
Hannis,Fink
Clary,MacIntosh
Jolyn,Ashely
Catharine,Susannah
Daune,Azeria
Michaelina,Shama
Kylynn,Merat
Rivalee,Shields
Andree,Martguerita
Jinny,Pernick
Perry,Radu
Marcy,Lane
Rosaline,Boycey
Debee,Tomasina
Gretal,Eiser
Theodora,Lay
Marguerite,Roche
Lolita,Sheng
Linzy,Arne
Evaleen,Cordi
Pearline,Standing
Damaris,Jerald
Sadie,Gilbertson
Shannah,Lucienne
Malina,Sheedy
Alyda,Llovera
Diena,Nedrud
Kate,Vastah
Deloria,Sherrie
Misha,Berl
Anestassia,Tufts
Veda,Bertold
Tomasina,Rona
Audrie,Bryna
Renie,Slifka
Tomasina,Lareena
Felice,Lareena
Mahalia,Morgun
Mathilda,Nelsen
Stephanie,Lilybelle
Livvyy,Salvidor
Rosabelle,Billye
Allyce,Screens
Marcelline,Hedve
June,Haerr
Janis,Brieta
Sindee,Jobi
Albertina,Paine
Flo,Bury
Tressa,Ax
Asia,Jammal
Gianina,Monk
Darlleen,Lorain
Cherilyn,Stover
Marcy,Kirstin
Alyssa,Phaidra
Josephine,Waldron
Gusella,Fancie
Kerrin,Linskey